"Gene","Ref1","Ref2","Class"
"A1CF",NA,"Medvedeva2015","CM"
"ABL1","Pearl2015",NA,"DDR"
"ACD","Pearl2015",NA,"DDR"
"ACTB",NA,"Medvedeva2015","CM"
"ACTL6A","Pearl2015","Medvedeva2015","DDR-CM"
"ACTL6B",NA,"Medvedeva2015","CM"
"ACTR3B",NA,"Medvedeva2015","CM"
"ACTR5","Pearl2015","Medvedeva2015","DDR-CM"
"ACTR6",NA,"Medvedeva2015","CM"
"ACTR8","Pearl2015","Medvedeva2015","DDR-CM"
"ADNP",NA,"Medvedeva2015","CM"
"AEBP2",NA,"Medvedeva2015","CM"
"AICDA",NA,"Medvedeva2015","CM"
"AIRE",NA,"Medvedeva2015","CM"
"ALKBH1","Pearl2015","Medvedeva2015","DDR-CM"
"ALKBH2","Pearl2015",NA,"DDR"
"ALKBH3","Pearl2015",NA,"DDR"
"AMN1","Pearl2015",NA,"DDR"
"ANKRD28","Pearl2015",NA,"DDR"
"ANKRD32",NA,"Medvedeva2015","CM"
"ANKRD44","Pearl2015",NA,"DDR"
"ANKRD52","Pearl2015",NA,"DDR"
"ANP32A",NA,"Medvedeva2015","CM"
"ANP32B",NA,"Medvedeva2015","CM"
"ANP32E",NA,"Medvedeva2015","CM"
"APBB1",NA,"Medvedeva2015","CM"
"APEX1","Pearl2015","Medvedeva2015","DDR-CM"
"APEX2","Pearl2015",NA,"DDR"
"APITD1","Pearl2015",NA,"DDR"
"APLF","Pearl2015",NA,"DDR"
"APOBEC1",NA,"Medvedeva2015","CM"
"APOBEC2",NA,"Medvedeva2015","CM"
"APOBEC3A",NA,"Medvedeva2015","CM"
"APOBEC3B",NA,"Medvedeva2015","CM"
"APOBEC3C",NA,"Medvedeva2015","CM"
"APOBEC3D",NA,"Medvedeva2015","CM"
"APOBEC3F",NA,"Medvedeva2015","CM"
"APOBEC3G",NA,"Medvedeva2015","CM"
"APOBEC3H",NA,"Medvedeva2015","CM"
"APTX","Pearl2015",NA,"DDR"
"ARID1A","Pearl2015","Medvedeva2015","DDR-CM"
"ARID1B","Pearl2015","Medvedeva2015","DDR-CM"
"ARID2","Pearl2015","Medvedeva2015","DDR-CM"
"ARID4A",NA,"Medvedeva2015","CM"
"ARID4B",NA,"Medvedeva2015","CM"
"ARNTL",NA,"Medvedeva2015","CM"
"ARRB1",NA,"Medvedeva2015","CM"
"ASF1A","Pearl2015","Medvedeva2015","DDR-CM"
"ASF1B","Pearl2015","Medvedeva2015","DDR-CM"
"ASH1L",NA,"Medvedeva2015","CM"
"ASH2L",NA,"Medvedeva2015","CM"
"ASXL1",NA,"Medvedeva2015","CM"
"ASXL2",NA,"Medvedeva2015","CM"
"ASXL3",NA,"Medvedeva2015","CM"
"ATAD2",NA,"Medvedeva2015","CM"
"ATAD2B",NA,"Medvedeva2015","CM"
"ATF2","Pearl2015","Medvedeva2015","DDR-CM"
"ATF7IP",NA,"Medvedeva2015","CM"
"ATM","Pearl2015","Medvedeva2015","DDR-CM"
"ATN1",NA,"Medvedeva2015","CM"
"ATR","Pearl2015","Medvedeva2015","DDR-CM"
"ATRIP","Pearl2015",NA,"DDR"
"ATRX","Pearl2015","Medvedeva2015","DDR-CM"
"ATXN3","Pearl2015",NA,"DDR"
"ATXN7",NA,"Medvedeva2015","CM"
"ATXN7L3",NA,"Medvedeva2015","CM"
"AURKA",NA,"Medvedeva2015","CM"
"AURKB",NA,"Medvedeva2015","CM"
"AURKC",NA,"Medvedeva2015","CM"
"BABAM1",NA,"Medvedeva2015","CM"
"BAHD1",NA,"Medvedeva2015","CM"
"BANP",NA,"Medvedeva2015","CM"
"BAP1","Pearl2015","Medvedeva2015","DDR-CM"
"BARD1","Pearl2015","Medvedeva2015","DDR-CM"
"BAZ1A","Pearl2015","Medvedeva2015","DDR-CM"
"BAZ1B","Pearl2015","Medvedeva2015","DDR-CM"
"BAZ2A",NA,"Medvedeva2015","CM"
"BAZ2B",NA,"Medvedeva2015","CM"
"BCAS2","Pearl2015",NA,"DDR"
"BCOR",NA,"Medvedeva2015","CM"
"BCORL1",NA,"Medvedeva2015","CM"
"BLM","Pearl2015",NA,"DDR"
"BMI1",NA,"Medvedeva2015","CM"
"BPTF",NA,"Medvedeva2015","CM"
"BRCA1","Pearl2015","Medvedeva2015","DDR-CM"
"BRCA2","Pearl2015","Medvedeva2015","DDR-CM"
"BRCC3","Pearl2015","Medvedeva2015","DDR-CM"
"BRD1",NA,"Medvedeva2015","CM"
"BRD2",NA,"Medvedeva2015","CM"
"BRD3",NA,"Medvedeva2015","CM"
"BRD4",NA,"Medvedeva2015","CM"
"BRD7","Pearl2015","Medvedeva2015","DDR-CM"
"BRD8",NA,"Medvedeva2015","CM"
"BRD9",NA,"Medvedeva2015","CM"
"BRDT",NA,"Medvedeva2015","CM"
"BRE","Pearl2015","Medvedeva2015","DDR-CM"
"BRIP1","Pearl2015",NA,"DDR"
"BRMS1",NA,"Medvedeva2015","CM"
"BRMS1L",NA,"Medvedeva2015","CM"
"BRPF1",NA,"Medvedeva2015","CM"
"BRPF3",NA,"Medvedeva2015","CM"
"BRWD1",NA,"Medvedeva2015","CM"
"BRWD3",NA,"Medvedeva2015","CM"
"BTG2","Pearl2015",NA,"DDR"
"BUB1",NA,"Medvedeva2015","CM"
"C11orf30",NA,"Medvedeva2015","CM"
"C14orf169",NA,"Medvedeva2015","CM"
"C17orf49",NA,"Medvedeva2015","CM"
"CARM1",NA,"Medvedeva2015","CM"
"CBX1",NA,"Medvedeva2015","CM"
"CBX2",NA,"Medvedeva2015","CM"
"CBX3",NA,"Medvedeva2015","CM"
"CBX4",NA,"Medvedeva2015","CM"
"CBX5",NA,"Medvedeva2015","CM"
"CBX6",NA,"Medvedeva2015","CM"
"CBX7",NA,"Medvedeva2015","CM"
"CBX8",NA,"Medvedeva2015","CM"
"CCDC101",NA,"Medvedeva2015","CM"
"CCDC98","Pearl2015",NA,"DDR"
"CCNA1","Pearl2015",NA,"DDR"
"CCNA2","Pearl2015",NA,"DDR"
"CCNB1","Pearl2015",NA,"DDR"
"CCNB2","Pearl2015",NA,"DDR"
"CCNB3","Pearl2015",NA,"DDR"
"CCNC","Pearl2015",NA,"DDR"
"CCND1","Pearl2015",NA,"DDR"
"CCND2","Pearl2015",NA,"DDR"
"CCND3","Pearl2015",NA,"DDR"
"CCNE1","Pearl2015",NA,"DDR"
"CCNH","Pearl2015",NA,"DDR"
"CCNO","Pearl2015",NA,"DDR"
"CDC25A","Pearl2015",NA,"DDR"
"CDC25B","Pearl2015",NA,"DDR"
"CDC5L","Pearl2015",NA,"DDR"
"CDC6",NA,"Medvedeva2015","CM"
"CDC73",NA,"Medvedeva2015","CM"
"CDK1",NA,"Medvedeva2015","CM"
"CDK17",NA,"Medvedeva2015","CM"
"CDK2","Pearl2015","Medvedeva2015","DDR-CM"
"CDK3",NA,"Medvedeva2015","CM"
"CDK4","Pearl2015",NA,"DDR"
"CDK5",NA,"Medvedeva2015","CM"
"CDK7","Pearl2015","Medvedeva2015","DDR-CM"
"CDK9",NA,"Medvedeva2015","CM"
"CDKN1A","Pearl2015",NA,"DDR"
"CDKN2A","Pearl2015",NA,"DDR"
"CDKN2D","Pearl2015",NA,"DDR"
"CDY1",NA,"Medvedeva2015","CM"
"CDY1B",NA,"Medvedeva2015","CM"
"CDY2A",NA,"Medvedeva2015","CM"
"CDY2B",NA,"Medvedeva2015","CM"
"CDYL",NA,"Medvedeva2015","CM"
"CDYL2",NA,"Medvedeva2015","CM"
"CECR2",NA,"Medvedeva2015","CM"
"CENPC",NA,"Medvedeva2015","CM"
"CETN2","Pearl2015",NA,"DDR"
"CHAF1A","Pearl2015","Medvedeva2015","DDR-CM"
"CHAF1B",NA,"Medvedeva2015","CM"
"CHD1",NA,"Medvedeva2015","CM"
"CHD1L",NA,"Medvedeva2015","CM"
"CHD2",NA,"Medvedeva2015","CM"
"CHD3",NA,"Medvedeva2015","CM"
"CHD4",NA,"Medvedeva2015","CM"
"CHD5",NA,"Medvedeva2015","CM"
"CHD6",NA,"Medvedeva2015","CM"
"CHD7",NA,"Medvedeva2015","CM"
"CHD8",NA,"Medvedeva2015","CM"
"CHD9",NA,"Medvedeva2015","CM"
"CHEK1","Pearl2015","Medvedeva2015","DDR-CM"
"CHEK2","Pearl2015",NA,"DDR"
"CHRAC1","Pearl2015","Medvedeva2015","DDR-CM"
"CHTOP",NA,"Medvedeva2015","CM"
"CHUK",NA,"Medvedeva2015","CM"
"CIB1","Pearl2015",NA,"DDR"
"CIR1",NA,"Medvedeva2015","CM"
"CIT",NA,"Medvedeva2015","CM"
"CLK2","Pearl2015",NA,"DDR"
"CLNS1A",NA,"Medvedeva2015","CM"
"CLOCK",NA,"Medvedeva2015","CM"
"CLSPN","Pearl2015",NA,"DDR"
"CNOT7","Pearl2015",NA,"DDR"
"COPS2","Pearl2015",NA,"DDR"
"COPS3","Pearl2015",NA,"DDR"
"COPS4","Pearl2015",NA,"DDR"
"COPS5","Pearl2015",NA,"DDR"
"COPS6","Pearl2015",NA,"DDR"
"COPS7A","Pearl2015",NA,"DDR"
"COPS7B","Pearl2015",NA,"DDR"
"COPS8","Pearl2015",NA,"DDR"
"CRB2",NA,"Medvedeva2015","CM"
"CREBBP",NA,"Medvedeva2015","CM"
"CRY1","Pearl2015",NA,"DDR"
"CRY2","Pearl2015",NA,"DDR"
"CSNK1D","Pearl2015",NA,"DDR"
"CSNK1E","Pearl2015",NA,"DDR"
"CSNK2A1",NA,"Medvedeva2015","CM"
"CSRP2BP",NA,"Medvedeva2015","CM"
"CTBP1",NA,"Medvedeva2015","CM"
"CTBP2",NA,"Medvedeva2015","CM"
"CTC1","Pearl2015",NA,"DDR"
"CTCF",NA,"Medvedeva2015","CM"
"CTCFL",NA,"Medvedeva2015","CM"
"CTR9",NA,"Medvedeva2015","CM"
"CUL1",NA,"Medvedeva2015","CM"
"CUL2",NA,"Medvedeva2015","CM"
"CUL3","Pearl2015","Medvedeva2015","DDR-CM"
"CUL4A","Pearl2015","Medvedeva2015","DDR-CM"
"CUL4B",NA,"Medvedeva2015","CM"
"CUL5","Pearl2015","Medvedeva2015","DDR-CM"
"CXXC1",NA,"Medvedeva2015","CM"
"DAPK3",NA,"Medvedeva2015","CM"
"DAXX","Pearl2015","Medvedeva2015","DDR-CM"
"DCLRE1A","Pearl2015",NA,"DDR"
"DCLRE1B","Pearl2015",NA,"DDR"
"DCLRE1C","Pearl2015",NA,"DDR"
"DDB1","Pearl2015","Medvedeva2015","DDR-CM"
"DDB2","Pearl2015","Medvedeva2015","DDR-CM"
"DDX11","Pearl2015",NA,"DDR"
"DDX21",NA,"Medvedeva2015","CM"
"DDX50",NA,"Medvedeva2015","CM"
"DEK",NA,"Medvedeva2015","CM"
"DKC1","Pearl2015",NA,"DDR"
"DLGAP5","Pearl2015",NA,"DDR"
"DMAP1",NA,"Medvedeva2015","CM"
"DMC1","Pearl2015",NA,"DDR"
"DNA2","Pearl2015",NA,"DDR"
"DNAJC1",NA,"Medvedeva2015","CM"
"DNAJC2",NA,"Medvedeva2015","CM"
"DND1",NA,"Medvedeva2015","CM"
"DNMT1","Pearl2015","Medvedeva2015","DDR-CM"
"DNMT3A",NA,"Medvedeva2015","CM"
"DNMT3B",NA,"Medvedeva2015","CM"
"DNMT3L",NA,"Medvedeva2015","CM"
"DNTT","Pearl2015",NA,"DDR"
"DNTTIP2",NA,"Medvedeva2015","CM"
"DOT1L",NA,"Medvedeva2015","CM"
"DPF1",NA,"Medvedeva2015","CM"
"DPF2",NA,"Medvedeva2015","CM"
"DPF3",NA,"Medvedeva2015","CM"
"DPPA3",NA,"Medvedeva2015","CM"
"DPY30",NA,"Medvedeva2015","CM"
"DR1",NA,"Medvedeva2015","CM"
"DTX3L",NA,"Medvedeva2015","CM"
"DUT","Pearl2015",NA,"DDR"
"DZIP3",NA,"Medvedeva2015","CM"
"E2F6",NA,"Medvedeva2015","CM"
"EED",NA,"Medvedeva2015","CM"
"EHMT1",NA,"Medvedeva2015","CM"
"EHMT2",NA,"Medvedeva2015","CM"
"EID1",NA,"Medvedeva2015","CM"
"EID2",NA,"Medvedeva2015","CM"
"EID2B",NA,"Medvedeva2015","CM"
"EID3","Pearl2015",NA,"DDR"
"ELP2",NA,"Medvedeva2015","CM"
"ELP3",NA,"Medvedeva2015","CM"
"ELP4",NA,"Medvedeva2015","CM"
"ELP5",NA,"Medvedeva2015","CM"
"ELP6",NA,"Medvedeva2015","CM"
"EME1","Pearl2015",NA,"DDR"
"EME2","Pearl2015",NA,"DDR"
"ENY2",NA,"Medvedeva2015","CM"
"EP300",NA,"Medvedeva2015","CM"
"EP400",NA,"Medvedeva2015","CM"
"EPC1",NA,"Medvedeva2015","CM"
"EPC2",NA,"Medvedeva2015","CM"
"ERBB4",NA,"Medvedeva2015","CM"
"ERCC1","Pearl2015",NA,"DDR"
"ERCC2","Pearl2015",NA,"DDR"
"ERCC3","Pearl2015",NA,"DDR"
"ERCC4","Pearl2015",NA,"DDR"
"ERCC5","Pearl2015",NA,"DDR"
"ERCC6","Pearl2015","Medvedeva2015","DDR-CM"
"ERCC8","Pearl2015",NA,"DDR"
"EXO1","Pearl2015",NA,"DDR"
"EXOSC1",NA,"Medvedeva2015","CM"
"EXOSC2",NA,"Medvedeva2015","CM"
"EXOSC3",NA,"Medvedeva2015","CM"
"EXOSC4",NA,"Medvedeva2015","CM"
"EXOSC5",NA,"Medvedeva2015","CM"
"EXOSC6",NA,"Medvedeva2015","CM"
"EXOSC7",NA,"Medvedeva2015","CM"
"EXOSC8",NA,"Medvedeva2015","CM"
"EXOSC9",NA,"Medvedeva2015","CM"
"EYA1","Pearl2015","Medvedeva2015","DDR-CM"
"EYA2",NA,"Medvedeva2015","CM"
"EYA3","Pearl2015","Medvedeva2015","DDR-CM"
"EYA4",NA,"Medvedeva2015","CM"
"EZH1",NA,"Medvedeva2015","CM"
"EZH2",NA,"Medvedeva2015","CM"
"FAAP100","Pearl2015",NA,"DDR"
"FAAP24","Pearl2015",NA,"DDR"
"FAM175A","Pearl2015","Medvedeva2015","DDR-CM"
"FAM175B",NA,"Medvedeva2015","CM"
"FAN1","Pearl2015",NA,"DDR"
"FANCA","Pearl2015",NA,"DDR"
"FANCB","Pearl2015",NA,"DDR"
"FANCC","Pearl2015",NA,"DDR"
"FANCD2","Pearl2015",NA,"DDR"
"FANCE","Pearl2015",NA,"DDR"
"FANCF","Pearl2015",NA,"DDR"
"FANCG","Pearl2015",NA,"DDR"
"FANCI","Pearl2015",NA,"DDR"
"FANCL","Pearl2015",NA,"DDR"
"FANCM","Pearl2015",NA,"DDR"
"FBL",NA,"Medvedeva2015","CM"
"FBRS",NA,"Medvedeva2015","CM"
"FBRSL1",NA,"Medvedeva2015","CM"
"FBXO18","Pearl2015",NA,"DDR"
"FEN1","Pearl2015",NA,"DDR"
"FOXA1",NA,"Medvedeva2015","CM"
"FOXO1",NA,"Medvedeva2015","CM"
"FOXP1",NA,"Medvedeva2015","CM"
"FOXP2",NA,"Medvedeva2015","CM"
"FOXP3",NA,"Medvedeva2015","CM"
"FOXP4",NA,"Medvedeva2015","CM"
"GADD45A","Pearl2015","Medvedeva2015","DDR-CM"
"GADD45B",NA,"Medvedeva2015","CM"
"GADD45G","Pearl2015","Medvedeva2015","DDR-CM"
"GAR1","Pearl2015",NA,"DDR"
"GATAD1",NA,"Medvedeva2015","CM"
"GATAD2A",NA,"Medvedeva2015","CM"
"GATAD2B",NA,"Medvedeva2015","CM"
"GEN1","Pearl2015",NA,"DDR"
"GFI1",NA,"Medvedeva2015","CM"
"GFI1B",NA,"Medvedeva2015","CM"
"GLYR1",NA,"Medvedeva2015","CM"
"GPS1","Pearl2015",NA,"DDR"
"GSE1",NA,"Medvedeva2015","CM"
"GSG2",NA,"Medvedeva2015","CM"
"GTF2H1","Pearl2015",NA,"DDR"
"GTF2H2","Pearl2015",NA,"DDR"
"GTF2H3","Pearl2015",NA,"DDR"
"GTF2H4","Pearl2015",NA,"DDR"
"GTF2H5","Pearl2015",NA,"DDR"
"GTF2I",NA,"Medvedeva2015","CM"
"GTF3C4",NA,"Medvedeva2015","CM"
"H2AFX","Pearl2015",NA,"DDR"
"H2AFZ","Pearl2015",NA,"DDR"
"HAT1",NA,"Medvedeva2015","CM"
"HCFC1",NA,"Medvedeva2015","CM"
"HCFC2",NA,"Medvedeva2015","CM"
"HDAC1",NA,"Medvedeva2015","CM"
"HDAC10",NA,"Medvedeva2015","CM"
"HDAC11",NA,"Medvedeva2015","CM"
"HDAC2",NA,"Medvedeva2015","CM"
"HDAC3",NA,"Medvedeva2015","CM"
"HDAC4",NA,"Medvedeva2015","CM"
"HDAC5",NA,"Medvedeva2015","CM"
"HDAC6",NA,"Medvedeva2015","CM"
"HDAC7",NA,"Medvedeva2015","CM"
"HDAC8",NA,"Medvedeva2015","CM"
"HDAC9",NA,"Medvedeva2015","CM"
"HDGF",NA,"Medvedeva2015","CM"
"HDGFL2",NA,"Medvedeva2015","CM"
"HELLS",NA,"Medvedeva2015","CM"
"HELQ","Pearl2015",NA,"DDR"
"HES1","Pearl2015",NA,"DDR"
"HFM1","Pearl2015",NA,"DDR"
"HIF1AN",NA,"Medvedeva2015","CM"
"HINFP","Pearl2015","Medvedeva2015","DDR-CM"
"HIRA",NA,"Medvedeva2015","CM"
"HIRIP3",NA,"Medvedeva2015","CM"
"HJURP",NA,"Medvedeva2015","CM"
"HLCS",NA,"Medvedeva2015","CM"
"HLTF","Pearl2015","Medvedeva2015","DDR-CM"
"HMG20A",NA,"Medvedeva2015","CM"
"HMG20B",NA,"Medvedeva2015","CM"
"HMGB1","Pearl2015","Medvedeva2015","DDR-CM"
"HMGB2","Pearl2015",NA,"DDR"
"HMGN1",NA,"Medvedeva2015","CM"
"HMGN2",NA,"Medvedeva2015","CM"
"HMGN3",NA,"Medvedeva2015","CM"
"HMGN4",NA,"Medvedeva2015","CM"
"HMGN5",NA,"Medvedeva2015","CM"
"HP1BP3",NA,"Medvedeva2015","CM"
"HR",NA,"Medvedeva2015","CM"
"HSPA1A",NA,"Medvedeva2015","CM"
"HSPA1B",NA,"Medvedeva2015","CM"
"HUS1","Pearl2015",NA,"DDR"
"HUS1B","Pearl2015",NA,"DDR"
"HUWE1",NA,"Medvedeva2015","CM"
"IGHMBP2","Pearl2015",NA,"DDR"
"IKBKAP",NA,"Medvedeva2015","CM"
"IKZF1",NA,"Medvedeva2015","CM"
"IKZF3",NA,"Medvedeva2015","CM"
"ING1",NA,"Medvedeva2015","CM"
"ING2",NA,"Medvedeva2015","CM"
"ING3",NA,"Medvedeva2015","CM"
"ING4",NA,"Medvedeva2015","CM"
"ING5",NA,"Medvedeva2015","CM"
"INO80","Pearl2015","Medvedeva2015","DDR-CM"
"INO80B","Pearl2015","Medvedeva2015","DDR-CM"
"INO80C","Pearl2015","Medvedeva2015","DDR-CM"
"INO80D","Pearl2015","Medvedeva2015","DDR-CM"
"INO80E","Pearl2015","Medvedeva2015","DDR-CM"
"IP6K3","Pearl2015",NA,"DDR"
"JADE1",NA,"Medvedeva2015","CM"
"JADE2",NA,"Medvedeva2015","CM"
"JADE3",NA,"Medvedeva2015","CM"
"JAK2",NA,"Medvedeva2015","CM"
"JARID2",NA,"Medvedeva2015","CM"
"JDP2",NA,"Medvedeva2015","CM"
"JMJD1C",NA,"Medvedeva2015","CM"
"JMJD6",NA,"Medvedeva2015","CM"
"KANSL1",NA,"Medvedeva2015","CM"
"KANSL2",NA,"Medvedeva2015","CM"
"KANSL3",NA,"Medvedeva2015","CM"
"KAT2A","Pearl2015","Medvedeva2015","DDR-CM"
"KAT2B",NA,"Medvedeva2015","CM"
"KAT5","Pearl2015","Medvedeva2015","DDR-CM"
"KAT6A",NA,"Medvedeva2015","CM"
"KAT6B",NA,"Medvedeva2015","CM"
"KAT7",NA,"Medvedeva2015","CM"
"KAT8",NA,"Medvedeva2015","CM"
"KDM1A",NA,"Medvedeva2015","CM"
"KDM1B",NA,"Medvedeva2015","CM"
"KDM2A",NA,"Medvedeva2015","CM"
"KDM2B",NA,"Medvedeva2015","CM"
"KDM3A",NA,"Medvedeva2015","CM"
"KDM3B",NA,"Medvedeva2015","CM"
"KDM4A",NA,"Medvedeva2015","CM"
"KDM4B",NA,"Medvedeva2015","CM"
"KDM4C",NA,"Medvedeva2015","CM"
"KDM4D",NA,"Medvedeva2015","CM"
"KDM4E",NA,"Medvedeva2015","CM"
"KDM5A",NA,"Medvedeva2015","CM"
"KDM5B",NA,"Medvedeva2015","CM"
"KDM5C",NA,"Medvedeva2015","CM"
"KDM5D",NA,"Medvedeva2015","CM"
"KDM6A",NA,"Medvedeva2015","CM"
"KDM6B",NA,"Medvedeva2015","CM"
"KDM7A",NA,"Medvedeva2015","CM"
"KDM8",NA,"Medvedeva2015","CM"
"KEAP1",NA,"Medvedeva2015","CM"
"KMT2A",NA,"Medvedeva2015","CM"
"KMT2B",NA,"Medvedeva2015","CM"
"KMT2C",NA,"Medvedeva2015","CM"
"KMT2D",NA,"Medvedeva2015","CM"
"KMT2E",NA,"Medvedeva2015","CM"
"L3MBTL1",NA,"Medvedeva2015","CM"
"L3MBTL2",NA,"Medvedeva2015","CM"
"L3MBTL3",NA,"Medvedeva2015","CM"
"L3MBTL4",NA,"Medvedeva2015","CM"
"LAS1L",NA,"Medvedeva2015","CM"
"LBR",NA,"Medvedeva2015","CM"
"LEO1",NA,"Medvedeva2015","CM"
"LIG1","Pearl2015",NA,"DDR"
"LIG3","Pearl2015",NA,"DDR"
"LIG4","Pearl2015",NA,"DDR"
"LRWD1",NA,"Medvedeva2015","CM"
"MAD2L2","Pearl2015",NA,"DDR"
"MAP3K7",NA,"Medvedeva2015","CM"
"MAPKAPK3",NA,"Medvedeva2015","CM"
"MASTL",NA,"Medvedeva2015","CM"
"MAX",NA,"Medvedeva2015","CM"
"MAZ",NA,"Medvedeva2015","CM"
"MBD1",NA,"Medvedeva2015","CM"
"MBD2",NA,"Medvedeva2015","CM"
"MBD3",NA,"Medvedeva2015","CM"
"MBD4","Pearl2015","Medvedeva2015","DDR-CM"
"MBD5",NA,"Medvedeva2015","CM"
"MBD6",NA,"Medvedeva2015","CM"
"MBIP",NA,"Medvedeva2015","CM"
"MBTD1",NA,"Medvedeva2015","CM"
"MCRS1","Pearl2015","Medvedeva2015","DDR-CM"
"MDC1","Pearl2015","Medvedeva2015","DDR-CM"
"MDM2","Pearl2015",NA,"DDR"
"MDM4","Pearl2015",NA,"DDR"
"MEAF6",NA,"Medvedeva2015","CM"
"MECP2",NA,"Medvedeva2015","CM"
"MEN1","Pearl2015","Medvedeva2015","DDR-CM"
"MGA",NA,"Medvedeva2015","CM"
"MGEA5",NA,"Medvedeva2015","CM"
"MGMT","Pearl2015",NA,"DDR"
"MINA",NA,"Medvedeva2015","CM"
"MLH1","Pearl2015",NA,"DDR"
"MLH3","Pearl2015",NA,"DDR"
"MLLT1",NA,"Medvedeva2015","CM"
"MLLT10",NA,"Medvedeva2015","CM"
"MLLT6",NA,"Medvedeva2015","CM"
"MMS19","Pearl2015",NA,"DDR"
"MMS22L","Pearl2015",NA,"DDR"
"MNAT1","Pearl2015",NA,"DDR"
"MORF4L1",NA,"Medvedeva2015","CM"
"MORF4L2",NA,"Medvedeva2015","CM"
"MOV10",NA,"Medvedeva2015","CM"
"MPG","Pearl2015",NA,"DDR"
"MPHOSPH8",NA,"Medvedeva2015","CM"
"MPLKIP","Pearl2015",NA,"DDR"
"MRE11A","Pearl2015",NA,"DDR"
"MRGBP",NA,"Medvedeva2015","CM"
"MSH2","Pearl2015",NA,"DDR"
"MSH3","Pearl2015",NA,"DDR"
"MSH4","Pearl2015",NA,"DDR"
"MSH5","Pearl2015",NA,"DDR"
"MSH6","Pearl2015","Medvedeva2015","DDR-CM"
"MSL1",NA,"Medvedeva2015","CM"
"MSL2",NA,"Medvedeva2015","CM"
"MSL3",NA,"Medvedeva2015","CM"
"MST1",NA,"Medvedeva2015","CM"
"MTA1",NA,"Medvedeva2015","CM"
"MTA2",NA,"Medvedeva2015","CM"
"MTA3",NA,"Medvedeva2015","CM"
"MTF2",NA,"Medvedeva2015","CM"
"MTOR","Pearl2015",NA,"DDR"
"MUM1",NA,"Medvedeva2015","CM"
"MUS81","Pearl2015",NA,"DDR"
"MUTYH","Pearl2015",NA,"DDR"
"MVP","Pearl2015",NA,"DDR"
"MYBBP1A","Pearl2015","Medvedeva2015","DDR-CM"
"MYO1C",NA,"Medvedeva2015","CM"
"MYSM1",NA,"Medvedeva2015","CM"
"NAA60",NA,"Medvedeva2015","CM"
"NABP1","Pearl2015",NA,"DDR"
"NABP2","Pearl2015",NA,"DDR"
"NAP1L1",NA,"Medvedeva2015","CM"
"NAP1L2",NA,"Medvedeva2015","CM"
"NAP1L4",NA,"Medvedeva2015","CM"
"NASP",NA,"Medvedeva2015","CM"
"NAT10",NA,"Medvedeva2015","CM"
"NBN","Pearl2015","Medvedeva2015","DDR-CM"
"NCAPD2","Pearl2015",NA,"DDR"
"NCAPD3","Pearl2015",NA,"DDR"
"NCAPG","Pearl2015",NA,"DDR"
"NCAPG2","Pearl2015",NA,"DDR"
"NCAPH","Pearl2015",NA,"DDR"
"NCAPH2","Pearl2015",NA,"DDR"
"NCL",NA,"Medvedeva2015","CM"
"NCOA1",NA,"Medvedeva2015","CM"
"NCOA2",NA,"Medvedeva2015","CM"
"NCOA3",NA,"Medvedeva2015","CM"
"NCOA6",NA,"Medvedeva2015","CM"
"NCOR1",NA,"Medvedeva2015","CM"
"NCOR2",NA,"Medvedeva2015","CM"
"NDNL2","Pearl2015",NA,"DDR"
"NEIL1","Pearl2015",NA,"DDR"
"NEIL2","Pearl2015",NA,"DDR"
"NEIL3","Pearl2015",NA,"DDR"
"NEK6",NA,"Medvedeva2015","CM"
"NEK9",NA,"Medvedeva2015","CM"
"NFATC2IP","Pearl2015",NA,"DDR"
"NFRKB","Pearl2015","Medvedeva2015","DDR-CM"
"NFYB",NA,"Medvedeva2015","CM"
"NFYC",NA,"Medvedeva2015","CM"
"NHEJ1","Pearl2015",NA,"DDR"
"NHP2","Pearl2015",NA,"DDR"
"NIPBL",NA,"Medvedeva2015","CM"
"NOC2L",NA,"Medvedeva2015","CM"
"NOP10","Pearl2015",NA,"DDR"
"NPAS2",NA,"Medvedeva2015","CM"
"NPM1","Pearl2015","Medvedeva2015","DDR-CM"
"NPM2",NA,"Medvedeva2015","CM"
"NSD1",NA,"Medvedeva2015","CM"
"NSL1",NA,"Medvedeva2015","CM"
"NSMCE1","Pearl2015",NA,"DDR"
"NSMCE2","Pearl2015",NA,"DDR"
"NSMCE4A","Pearl2015",NA,"DDR"
"NTHL1","Pearl2015",NA,"DDR"
"NUDT1","Pearl2015",NA,"DDR"
"OBFC1","Pearl2015",NA,"DDR"
"OBFC2B","Pearl2015",NA,"DDR"
"OGG1","Pearl2015",NA,"DDR"
"OGT",NA,"Medvedeva2015","CM"
"PADI1",NA,"Medvedeva2015","CM"
"PADI2",NA,"Medvedeva2015","CM"
"PADI3",NA,"Medvedeva2015","CM"
"PADI4",NA,"Medvedeva2015","CM"
"PAF1",NA,"Medvedeva2015","CM"
"PAGR1",NA,"Medvedeva2015","CM"
"PAK2",NA,"Medvedeva2015","CM"
"PALB2","Pearl2015",NA,"DDR"
"PAPD7","Pearl2015",NA,"DDR"
"PARG","Pearl2015","Medvedeva2015","DDR-CM"
"PARP1","Pearl2015","Medvedeva2015","DDR-CM"
"PARP2","Pearl2015","Medvedeva2015","DDR-CM"
"PARP3","Pearl2015","Medvedeva2015","DDR-CM"
"PARP4","Pearl2015",NA,"DDR"
"PARPBP","Pearl2015",NA,"DDR"
"PAXIP1","Pearl2015","Medvedeva2015","DDR-CM"
"PBK",NA,"Medvedeva2015","CM"
"PBRM1","Pearl2015","Medvedeva2015","DDR-CM"
"PCGF1",NA,"Medvedeva2015","CM"
"PCGF2",NA,"Medvedeva2015","CM"
"PCGF3",NA,"Medvedeva2015","CM"
"PCGF5",NA,"Medvedeva2015","CM"
"PCGF6",NA,"Medvedeva2015","CM"
"PCNA","Pearl2015","Medvedeva2015","DDR-CM"
"PDP1",NA,"Medvedeva2015","CM"
"PDS5A","Pearl2015",NA,"DDR"
"PDS5B","Pearl2015",NA,"DDR"
"PELP1",NA,"Medvedeva2015","CM"
"PER1","Pearl2015",NA,"DDR"
"PER2","Pearl2015",NA,"DDR"
"PER3","Pearl2015",NA,"DDR"
"PHC1",NA,"Medvedeva2015","CM"
"PHC2",NA,"Medvedeva2015","CM"
"PHC3",NA,"Medvedeva2015","CM"
"PHF1",NA,"Medvedeva2015","CM"
"PHF10",NA,"Medvedeva2015","CM"
"PHF12",NA,"Medvedeva2015","CM"
"PHF13",NA,"Medvedeva2015","CM"
"PHF14",NA,"Medvedeva2015","CM"
"PHF19",NA,"Medvedeva2015","CM"
"PHF2",NA,"Medvedeva2015","CM"
"PHF20",NA,"Medvedeva2015","CM"
"PHF20L1",NA,"Medvedeva2015","CM"
"PHF21A",NA,"Medvedeva2015","CM"
"PHF8",NA,"Medvedeva2015","CM"
"PHIP",NA,"Medvedeva2015","CM"
"PIAS1","Pearl2015",NA,"DDR"
"PIAS2","Pearl2015",NA,"DDR"
"PIAS3","Pearl2015",NA,"DDR"
"PIAS4","Pearl2015",NA,"DDR"
"PIF1","Pearl2015",NA,"DDR"
"PINX1","Pearl2015",NA,"DDR"
"PIWIL4",NA,"Medvedeva2015","CM"
"PKM",NA,"Medvedeva2015","CM"
"PKN1",NA,"Medvedeva2015","CM"
"PLRG1","Pearl2015",NA,"DDR"
"PMS1","Pearl2015",NA,"DDR"
"PMS2","Pearl2015",NA,"DDR"
"PMS2P5","Pearl2015",NA,"DDR"
"PNKP","Pearl2015",NA,"DDR"
"POGZ",NA,"Medvedeva2015","CM"
"POLA1","Pearl2015",NA,"DDR"
"POLB","Pearl2015",NA,"DDR"
"POLD1","Pearl2015",NA,"DDR"
"POLD2","Pearl2015",NA,"DDR"
"POLD3","Pearl2015",NA,"DDR"
"POLD4","Pearl2015",NA,"DDR"
"POLE","Pearl2015",NA,"DDR"
"POLE2","Pearl2015",NA,"DDR"
"POLE3","Pearl2015","Medvedeva2015","DDR-CM"
"POLE4","Pearl2015",NA,"DDR"
"POLG","Pearl2015",NA,"DDR"
"POLG2","Pearl2015",NA,"DDR"
"POLH","Pearl2015",NA,"DDR"
"POLI","Pearl2015",NA,"DDR"
"POLK","Pearl2015",NA,"DDR"
"POLL","Pearl2015",NA,"DDR"
"POLM","Pearl2015",NA,"DDR"
"POLN","Pearl2015",NA,"DDR"
"POLQ","Pearl2015",NA,"DDR"
"POLR2A","Pearl2015",NA,"DDR"
"POLR2B","Pearl2015",NA,"DDR"
"POLR2C","Pearl2015",NA,"DDR"
"POLR2D","Pearl2015",NA,"DDR"
"POLR2E","Pearl2015",NA,"DDR"
"POLR2F","Pearl2015",NA,"DDR"
"POLR2G","Pearl2015",NA,"DDR"
"POLR2H","Pearl2015",NA,"DDR"
"POLR2I","Pearl2015",NA,"DDR"
"POLR2J","Pearl2015",NA,"DDR"
"POLR2K","Pearl2015",NA,"DDR"
"POLR2L","Pearl2015",NA,"DDR"
"POLS","Pearl2015",NA,"DDR"
"POT1","Pearl2015",NA,"DDR"
"PPARGC1A",NA,"Medvedeva2015","CM"
"PPM1G",NA,"Medvedeva2015","CM"
"PPP2CA",NA,"Medvedeva2015","CM"
"PPP4C","Pearl2015","Medvedeva2015","DDR-CM"
"PPP4R1","Pearl2015",NA,"DDR"
"PPP4R2","Pearl2015","Medvedeva2015","DDR-CM"
"PPP4R4","Pearl2015",NA,"DDR"
"PPP6C","Pearl2015",NA,"DDR"
"PPP6R1","Pearl2015",NA,"DDR"
"PPP6R2","Pearl2015",NA,"DDR"
"PPP6R3","Pearl2015",NA,"DDR"
"PRDM1",NA,"Medvedeva2015","CM"
"PRDM11",NA,"Medvedeva2015","CM"
"PRDM12",NA,"Medvedeva2015","CM"
"PRDM13",NA,"Medvedeva2015","CM"
"PRDM14",NA,"Medvedeva2015","CM"
"PRDM16",NA,"Medvedeva2015","CM"
"PRDM2",NA,"Medvedeva2015","CM"
"PRDM4",NA,"Medvedeva2015","CM"
"PRDM5",NA,"Medvedeva2015","CM"
"PRDM6",NA,"Medvedeva2015","CM"
"PRDM7",NA,"Medvedeva2015","CM"
"PRDM8",NA,"Medvedeva2015","CM"
"PRDM9",NA,"Medvedeva2015","CM"
"PRKAA1",NA,"Medvedeva2015","CM"
"PRKAA2",NA,"Medvedeva2015","CM"
"PRKAB1",NA,"Medvedeva2015","CM"
"PRKAB2",NA,"Medvedeva2015","CM"
"PRKAG1",NA,"Medvedeva2015","CM"
"PRKAG2",NA,"Medvedeva2015","CM"
"PRKAG3",NA,"Medvedeva2015","CM"
"PRKCA",NA,"Medvedeva2015","CM"
"PRKCB",NA,"Medvedeva2015","CM"
"PRKCD",NA,"Medvedeva2015","CM"
"PRKCG","Pearl2015",NA,"DDR"
"PRKDC","Pearl2015","Medvedeva2015","DDR-CM"
"PRMT1",NA,"Medvedeva2015","CM"
"PRMT2",NA,"Medvedeva2015","CM"
"PRMT5",NA,"Medvedeva2015","CM"
"PRMT6","Pearl2015","Medvedeva2015","DDR-CM"
"PRMT7",NA,"Medvedeva2015","CM"
"PRMT8",NA,"Medvedeva2015","CM"
"PRMT9",NA,"Medvedeva2015","CM"
"PRPF19","Pearl2015",NA,"DDR"
"PRPF31",NA,"Medvedeva2015","CM"
"PRR14",NA,"Medvedeva2015","CM"
"PSIP1",NA,"Medvedeva2015","CM"
"RAD1","Pearl2015",NA,"DDR"
"RAD17","Pearl2015",NA,"DDR"
"RAD18","Pearl2015",NA,"DDR"
"RAD21","Pearl2015",NA,"DDR"
"RAD23A","Pearl2015",NA,"DDR"
"RAD23B","Pearl2015",NA,"DDR"
"RAD50","Pearl2015",NA,"DDR"
"RAD51","Pearl2015","Medvedeva2015","DDR-CM"
"RAD51B","Pearl2015",NA,"DDR"
"RAD51C","Pearl2015",NA,"DDR"
"RAD51D","Pearl2015",NA,"DDR"
"RAD52","Pearl2015",NA,"DDR"
"RAD54B","Pearl2015","Medvedeva2015","DDR-CM"
"RAD54L","Pearl2015","Medvedeva2015","DDR-CM"
"RAD54L2",NA,"Medvedeva2015","CM"
"RAD9A","Pearl2015",NA,"DDR"
"RAD9B","Pearl2015",NA,"DDR"
"RAG1",NA,"Medvedeva2015","CM"
"RAG2",NA,"Medvedeva2015","CM"
"RAI1",NA,"Medvedeva2015","CM"
"RARA",NA,"Medvedeva2015","CM"
"RASSF7","Pearl2015",NA,"DDR"
"RB1",NA,"Medvedeva2015","CM"
"RBBP4",NA,"Medvedeva2015","CM"
"RBBP5",NA,"Medvedeva2015","CM"
"RBBP7",NA,"Medvedeva2015","CM"
"RBBP8","Pearl2015",NA,"DDR"
"RBX1","Pearl2015","Medvedeva2015","DDR-CM"
"RCC1",NA,"Medvedeva2015","CM"
"RCOR1",NA,"Medvedeva2015","CM"
"RCOR3",NA,"Medvedeva2015","CM"
"RDM1","Pearl2015",NA,"DDR"
"RECQL","Pearl2015",NA,"DDR"
"RECQL4","Pearl2015",NA,"DDR"
"RECQL5","Pearl2015",NA,"DDR"
"REST",NA,"Medvedeva2015","CM"
"REV1","Pearl2015",NA,"DDR"
"REV3L","Pearl2015",NA,"DDR"
"RFC1","Pearl2015",NA,"DDR"
"RFC2","Pearl2015",NA,"DDR"
"RFC3","Pearl2015",NA,"DDR"
"RFC4","Pearl2015",NA,"DDR"
"RFC5","Pearl2015",NA,"DDR"
"RIF1","Pearl2015",NA,"DDR"
"RING1",NA,"Medvedeva2015","CM"
"RLIM",NA,"Medvedeva2015","CM"
"RMI1",NA,"Medvedeva2015","CM"
"RMI2","Pearl2015",NA,"DDR"
"RNF168","Pearl2015","Medvedeva2015","DDR-CM"
"RNF2",NA,"Medvedeva2015","CM"
"RNF20",NA,"Medvedeva2015","CM"
"RNF4","Pearl2015",NA,"DDR"
"RNF40",NA,"Medvedeva2015","CM"
"RNF8","Pearl2015","Medvedeva2015","DDR-CM"
"RPA1","Pearl2015",NA,"DDR"
"RPA2","Pearl2015",NA,"DDR"
"RPA3","Pearl2015",NA,"DDR"
"RPA4","Pearl2015",NA,"DDR"
"RPAIN","Pearl2015",NA,"DDR"
"RPS27L","Pearl2015",NA,"DDR"
"RPS6KA3",NA,"Medvedeva2015","CM"
"RPS6KA4",NA,"Medvedeva2015","CM"
"RPS6KA5",NA,"Medvedeva2015","CM"
"RRM1","Pearl2015",NA,"DDR"
"RRM2","Pearl2015",NA,"DDR"
"RRM2B","Pearl2015",NA,"DDR"
"RRP8",NA,"Medvedeva2015","CM"
"RSF1",NA,"Medvedeva2015","CM"
"RTEL1","Pearl2015",NA,"DDR"
"RUVBL1","Pearl2015","Medvedeva2015","DDR-CM"
"RUVBL2","Pearl2015","Medvedeva2015","DDR-CM"
"RYBP",NA,"Medvedeva2015","CM"
"SAFB",NA,"Medvedeva2015","CM"
"SAP130",NA,"Medvedeva2015","CM"
"SAP18",NA,"Medvedeva2015","CM"
"SAP25",NA,"Medvedeva2015","CM"
"SAP30",NA,"Medvedeva2015","CM"
"SAP30L",NA,"Medvedeva2015","CM"
"SATB1",NA,"Medvedeva2015","CM"
"SATB2",NA,"Medvedeva2015","CM"
"SCMH1",NA,"Medvedeva2015","CM"
"SCML2",NA,"Medvedeva2015","CM"
"SCML4",NA,"Medvedeva2015","CM"
"SENP1",NA,"Medvedeva2015","CM"
"SENP3",NA,"Medvedeva2015","CM"
"SET",NA,"Medvedeva2015","CM"
"SETD1A",NA,"Medvedeva2015","CM"
"SETD1B",NA,"Medvedeva2015","CM"
"SETD2",NA,"Medvedeva2015","CM"
"SETD3",NA,"Medvedeva2015","CM"
"SETD5",NA,"Medvedeva2015","CM"
"SETD6",NA,"Medvedeva2015","CM"
"SETD7",NA,"Medvedeva2015","CM"
"SETD8",NA,"Medvedeva2015","CM"
"SETDB1",NA,"Medvedeva2015","CM"
"SETDB2",NA,"Medvedeva2015","CM"
"SETMAR","Pearl2015","Medvedeva2015","DDR-CM"
"SETX","Pearl2015",NA,"DDR"
"SF3B1",NA,"Medvedeva2015","CM"
"SF3B3",NA,"Medvedeva2015","CM"
"SFMBT1",NA,"Medvedeva2015","CM"
"SFMBT2",NA,"Medvedeva2015","CM"
"SFPQ",NA,"Medvedeva2015","CM"
"SFR1","Pearl2015",NA,"DDR"
"SHFM1","Pearl2015",NA,"DDR"
"SHPRH","Pearl2015","Medvedeva2015","DDR-CM"
"SIN3A",NA,"Medvedeva2015","CM"
"SIN3B",NA,"Medvedeva2015","CM"
"SIRT1","Pearl2015","Medvedeva2015","DDR-CM"
"SIRT2",NA,"Medvedeva2015","CM"
"SIRT6",NA,"Medvedeva2015","CM"
"SIRT7",NA,"Medvedeva2015","CM"
"SKP1",NA,"Medvedeva2015","CM"
"SLX1A","Pearl2015",NA,"DDR"
"SLX1B","Pearl2015",NA,"DDR"
"SLX4","Pearl2015",NA,"DDR"
"SMARCA1",NA,"Medvedeva2015","CM"
"SMARCA2","Pearl2015","Medvedeva2015","DDR-CM"
"SMARCA4","Pearl2015","Medvedeva2015","DDR-CM"
"SMARCA5","Pearl2015","Medvedeva2015","DDR-CM"
"SMARCAD1","Pearl2015","Medvedeva2015","DDR-CM"
"SMARCAL1","Pearl2015","Medvedeva2015","DDR-CM"
"SMARCB1","Pearl2015","Medvedeva2015","DDR-CM"
"SMARCC1","Pearl2015","Medvedeva2015","DDR-CM"
"SMARCC2","Pearl2015","Medvedeva2015","DDR-CM"
"SMARCD1","Pearl2015","Medvedeva2015","DDR-CM"
"SMARCD2",NA,"Medvedeva2015","CM"
"SMARCD3",NA,"Medvedeva2015","CM"
"SMARCE1","Pearl2015","Medvedeva2015","DDR-CM"
"SMC1A","Pearl2015",NA,"DDR"
"SMC1B","Pearl2015",NA,"DDR"
"SMC2","Pearl2015",NA,"DDR"
"SMC3","Pearl2015",NA,"DDR"
"SMC4","Pearl2015",NA,"DDR"
"SMC5","Pearl2015",NA,"DDR"
"SMC6","Pearl2015",NA,"DDR"
"SMEK1",NA,"Medvedeva2015","CM"
"SMEK2","Pearl2015","Medvedeva2015","DDR-CM"
"SMG6","Pearl2015",NA,"DDR"
"SMUG1","Pearl2015",NA,"DDR"
"SMYD1",NA,"Medvedeva2015","CM"
"SMYD2",NA,"Medvedeva2015","CM"
"SMYD3",NA,"Medvedeva2015","CM"
"SMYD4",NA,"Medvedeva2015","CM"
"SNAI2",NA,"Medvedeva2015","CM"
"SOD1","Pearl2015",NA,"DDR"
"SP1",NA,"Medvedeva2015","CM"
"SP100",NA,"Medvedeva2015","CM"
"SP140",NA,"Medvedeva2015","CM"
"SPEN",NA,"Medvedeva2015","CM"
"SPO11","Pearl2015",NA,"DDR"
"SPOP",NA,"Medvedeva2015","CM"
"SRCAP",NA,"Medvedeva2015","CM"
"SRSF1",NA,"Medvedeva2015","CM"
"SRSF3",NA,"Medvedeva2015","CM"
"SS18L1",NA,"Medvedeva2015","CM"
"SS18L2",NA,"Medvedeva2015","CM"
"SSRP1",NA,"Medvedeva2015","CM"
"STAG1","Pearl2015",NA,"DDR"
"STAG2","Pearl2015",NA,"DDR"
"STK4",NA,"Medvedeva2015","CM"
"STRA13","Pearl2015",NA,"DDR"
"SUDS3",NA,"Medvedeva2015","CM"
"SUMO1","Pearl2015",NA,"DDR"
"SUMO2","Pearl2015",NA,"DDR"
"SUMO3","Pearl2015",NA,"DDR"
"SUMO4","Pearl2015",NA,"DDR"
"SUPT16H",NA,"Medvedeva2015","CM"
"SUPT3H",NA,"Medvedeva2015","CM"
"SUPT6H",NA,"Medvedeva2015","CM"
"SUPT7L",NA,"Medvedeva2015","CM"
"SUV39H1",NA,"Medvedeva2015","CM"
"SUV39H2",NA,"Medvedeva2015","CM"
"SUV420H1",NA,"Medvedeva2015","CM"
"SUV420H2",NA,"Medvedeva2015","CM"
"SUZ12",NA,"Medvedeva2015","CM"
"SWI5","Pearl2015",NA,"DDR"
"SYNCRIP",NA,"Medvedeva2015","CM"
"TADA1",NA,"Medvedeva2015","CM"
"TADA2A",NA,"Medvedeva2015","CM"
"TADA2B",NA,"Medvedeva2015","CM"
"TADA3","Pearl2015","Medvedeva2015","DDR-CM"
"TAF1",NA,"Medvedeva2015","CM"
"TAF10",NA,"Medvedeva2015","CM"
"TAF12",NA,"Medvedeva2015","CM"
"TAF1L",NA,"Medvedeva2015","CM"
"TAF2",NA,"Medvedeva2015","CM"
"TAF3",NA,"Medvedeva2015","CM"
"TAF4",NA,"Medvedeva2015","CM"
"TAF5",NA,"Medvedeva2015","CM"
"TAF5L",NA,"Medvedeva2015","CM"
"TAF6",NA,"Medvedeva2015","CM"
"TAF6L",NA,"Medvedeva2015","CM"
"TAF7",NA,"Medvedeva2015","CM"
"TAF8",NA,"Medvedeva2015","CM"
"TAF9",NA,"Medvedeva2015","CM"
"TAF9B",NA,"Medvedeva2015","CM"
"TBL1XR1",NA,"Medvedeva2015","CM"
"TCEA1","Pearl2015",NA,"DDR"
"TCEB1","Pearl2015",NA,"DDR"
"TCEB2","Pearl2015",NA,"DDR"
"TCEB3","Pearl2015",NA,"DDR"
"TDG","Pearl2015","Medvedeva2015","DDR-CM"
"TDP1","Pearl2015",NA,"DDR"
"TDP2","Pearl2015",NA,"DDR"
"TDRD3",NA,"Medvedeva2015","CM"
"TDRD7",NA,"Medvedeva2015","CM"
"TDRKH",NA,"Medvedeva2015","CM"
"TELO2","Pearl2015",NA,"DDR"
"TEN1","Pearl2015",NA,"DDR"
"TEP1","Pearl2015",NA,"DDR"
"TERF1","Pearl2015",NA,"DDR"
"TERF2","Pearl2015",NA,"DDR"
"TERF2IP","Pearl2015",NA,"DDR"
"TERT","Pearl2015",NA,"DDR"
"TET1",NA,"Medvedeva2015","CM"
"TET2",NA,"Medvedeva2015","CM"
"TET3",NA,"Medvedeva2015","CM"
"TEX10",NA,"Medvedeva2015","CM"
"TFDP1",NA,"Medvedeva2015","CM"
"TFPT","Pearl2015","Medvedeva2015","DDR-CM"
"TIMELESS","Pearl2015",NA,"DDR"
"TINF2","Pearl2015",NA,"DDR"
"TIPIN","Pearl2015",NA,"DDR"
"TLE1",NA,"Medvedeva2015","CM"
"TLE2",NA,"Medvedeva2015","CM"
"TLE4",NA,"Medvedeva2015","CM"
"TLK1",NA,"Medvedeva2015","CM"
"TLK2",NA,"Medvedeva2015","CM"
"TNKS","Pearl2015",NA,"DDR"
"TNP1","Pearl2015","Medvedeva2015","DDR-CM"
"TNP2",NA,"Medvedeva2015","CM"
"TONSL","Pearl2015","Medvedeva2015","DDR-CM"
"TOP1","Pearl2015",NA,"DDR"
"TOP2A","Pearl2015","Medvedeva2015","DDR-CM"
"TOP2B","Pearl2015","Medvedeva2015","DDR-CM"
"TOP3A","Pearl2015",NA,"DDR"
"TOP3B","Pearl2015",NA,"DDR"
"TOPBP1","Pearl2015",NA,"DDR"
"TP53","Pearl2015","Medvedeva2015","DDR-CM"
"TP53BP1","Pearl2015","Medvedeva2015","DDR-CM"
"TP73","Pearl2015",NA,"DDR"
"TREX1","Pearl2015",NA,"DDR"
"TREX2","Pearl2015",NA,"DDR"
"TRIM16",NA,"Medvedeva2015","CM"
"TRIM24",NA,"Medvedeva2015","CM"
"TRIM27",NA,"Medvedeva2015","CM"
"TRIM28","Pearl2015","Medvedeva2015","DDR-CM"
"TRIM33",NA,"Medvedeva2015","CM"
"TRIP13","Pearl2015",NA,"DDR"
"TRRAP",NA,"Medvedeva2015","CM"
"TSSK6",NA,"Medvedeva2015","CM"
"TTI1","Pearl2015",NA,"DDR"
"TTI2","Pearl2015",NA,"DDR"
"TTK",NA,"Medvedeva2015","CM"
"TYMS","Pearl2015",NA,"DDR"
"TYW5",NA,"Medvedeva2015","CM"
"UBA1","Pearl2015",NA,"DDR"
"UBA2","Pearl2015",NA,"DDR"
"UBB","Pearl2015",NA,"DDR"
"UBC","Pearl2015",NA,"DDR"
"UBD","Pearl2015",NA,"DDR"
"UBE2A","Pearl2015","Medvedeva2015","DDR-CM"
"UBE2B","Pearl2015","Medvedeva2015","DDR-CM"
"UBE2D1",NA,"Medvedeva2015","CM"
"UBE2D3",NA,"Medvedeva2015","CM"
"UBE2E1",NA,"Medvedeva2015","CM"
"UBE2H",NA,"Medvedeva2015","CM"
"UBE2I","Pearl2015",NA,"DDR"
"UBE2N","Pearl2015","Medvedeva2015","DDR-CM"
"UBE2NL","Pearl2015",NA,"DDR"
"UBE2T","Pearl2015","Medvedeva2015","DDR-CM"
"UBE2V1","Pearl2015",NA,"DDR"
"UBE2V2","Pearl2015",NA,"DDR"
"UBN1",NA,"Medvedeva2015","CM"
"UBR2",NA,"Medvedeva2015","CM"
"UBR5",NA,"Medvedeva2015","CM"
"UBR7",NA,"Medvedeva2015","CM"
"UCHL5",NA,"Medvedeva2015","CM"
"UHRF1",NA,"Medvedeva2015","CM"
"UHRF2",NA,"Medvedeva2015","CM"
"UIMC1","Pearl2015","Medvedeva2015","DDR-CM"
"UNG","Pearl2015",NA,"DDR"
"UPF1","Pearl2015",NA,"DDR"
"USP1","Pearl2015",NA,"DDR"
"USP11",NA,"Medvedeva2015","CM"
"USP12",NA,"Medvedeva2015","CM"
"USP15",NA,"Medvedeva2015","CM"
"USP16",NA,"Medvedeva2015","CM"
"USP17L2",NA,"Medvedeva2015","CM"
"USP21",NA,"Medvedeva2015","CM"
"USP22",NA,"Medvedeva2015","CM"
"USP3",NA,"Medvedeva2015","CM"
"USP36",NA,"Medvedeva2015","CM"
"USP44",NA,"Medvedeva2015","CM"
"USP46",NA,"Medvedeva2015","CM"
"USP49",NA,"Medvedeva2015","CM"
"USP7",NA,"Medvedeva2015","CM"
"UTY",NA,"Medvedeva2015","CM"
"UVRAG","Pearl2015",NA,"DDR"
"UVSSA","Pearl2015",NA,"DDR"
"VCP","Pearl2015",NA,"DDR"
"VDR",NA,"Medvedeva2015","CM"
"VPS72",NA,"Medvedeva2015","CM"
"VRK1",NA,"Medvedeva2015","CM"
"WAC",NA,"Medvedeva2015","CM"
"WDR48","Pearl2015",NA,"DDR"
"WDR5",NA,"Medvedeva2015","CM"
"WDR77",NA,"Medvedeva2015","CM"
"WDR82",NA,"Medvedeva2015","CM"
"WEE1","Pearl2015",NA,"DDR"
"WHSC1",NA,"Medvedeva2015","CM"
"WHSC1L1",NA,"Medvedeva2015","CM"
"WRAP53","Pearl2015",NA,"DDR"
"WRN","Pearl2015",NA,"DDR"
"WSB2",NA,"Medvedeva2015","CM"
"XAB2","Pearl2015",NA,"DDR"
"XPA","Pearl2015",NA,"DDR"
"XPC","Pearl2015",NA,"DDR"
"XRCC1","Pearl2015",NA,"DDR"
"XRCC2","Pearl2015",NA,"DDR"
"XRCC3","Pearl2015",NA,"DDR"
"XRCC4","Pearl2015",NA,"DDR"
"XRCC5","Pearl2015",NA,"DDR"
"XRCC6","Pearl2015",NA,"DDR"
"XRCC6BP1","Pearl2015",NA,"DDR"
"YAF2",NA,"Medvedeva2015","CM"
"YBX1","Pearl2015",NA,"DDR"
"YEATS2",NA,"Medvedeva2015","CM"
"YEATS4",NA,"Medvedeva2015","CM"
"YWHAB",NA,"Medvedeva2015","CM"
"YWHAE",NA,"Medvedeva2015","CM"
"YWHAZ",NA,"Medvedeva2015","CM"
"YY1",NA,"Medvedeva2015","CM"
"ZBTB16",NA,"Medvedeva2015","CM"
"ZBTB33",NA,"Medvedeva2015","CM"
"ZBTB7C",NA,"Medvedeva2015","CM"
"ZCWPW1",NA,"Medvedeva2015","CM"
"ZFP57",NA,"Medvedeva2015","CM"
"ZGPAT",NA,"Medvedeva2015","CM"
"ZHX1",NA,"Medvedeva2015","CM"
"ZMYM2",NA,"Medvedeva2015","CM"
"ZMYM3",NA,"Medvedeva2015","CM"
"ZMYND11",NA,"Medvedeva2015","CM"
"ZMYND8",NA,"Medvedeva2015","CM"
"ZNF217",NA,"Medvedeva2015","CM"
"ZNF516",NA,"Medvedeva2015","CM"
"ZNF532",NA,"Medvedeva2015","CM"
"ZNF541",NA,"Medvedeva2015","CM"
"ZNF592",NA,"Medvedeva2015","CM"
"ZNF687",NA,"Medvedeva2015","CM"
"ZNF711",NA,"Medvedeva2015","CM"
"ZNHIT1",NA,"Medvedeva2015","CM"
"ZRANB3","Pearl2015","Medvedeva2015","DDR-CM"
"ZSWIM7","Pearl2015",NA,"DDR"
"ZZZ3",NA,"Medvedeva2015","CM"
